country,continent
Algeria,Africa
Angola,Africa
Ascension Island,Africa
Bassas Da India,Africa
Benin,Africa
Botswana,Africa
British Indian Ocean Territory,Africa
Burkina Faso,Africa
Burundi,Africa
Cameroon,Africa
Cape Verde,Africa
Central African Republic,Africa
Chad,Africa
Comoros,Africa
"Congo, Democratic republic of the (prev. Zaire)",Africa
Cote D'Ivoire,Africa
Djibouti,Africa
Egypt,Africa
Equatorial Guinea,Africa
Eritrea,Africa
Ethiopia,Africa
Europa Island,Africa
Gabon,Africa
"Gambia, The",Africa
Ghana,Africa
Glorioso Islands,Africa
Guinea,Africa
Guinea-Bissau,Africa
Kenya,Africa
Juan De Nova Island,Africa
Lesotho,Africa
Liberia,Africa
Libya,Africa
Madagascar,Africa
Malawi,Africa
Mali,Africa
Mauritania,Africa
Mauritius,Africa
Mayotte,Africa
Morocco,Africa
Mozambique,Africa
Namibia,Africa
Niger,Africa
Nigeria,Africa
No Man's Land,Africa
Reunion,Africa
Rwanda,Africa
Saint Helena,Africa
Sao Tome and Principe,Africa
Senegal,Africa
Seychelles,Africa
Sierra Leone,Africa
Somalia,Africa
South Africa,Africa
South Sudan,Africa
Sudan,Africa
Swaziland,Africa
Tanzania,Africa
Togo,Africa
Tromelin Island,Africa
Tunisia,Africa
Uganda,Africa
Western Sahara,Africa
Zambia,Africa
Zimbabwe,Africa
Antarctica,Antarctica
Bouvet Island,Antarctica
French Southern and Antarctic Lands,Antarctica
Heard Island and Mcdonald Islands,Antarctica
South Georgia and the South Sandwich Islands,Antarctica
Afghanistan,Asia
Armenia,Asia
Azerbaijan,Asia
Bahrain,Asia
Bangladesh,Asia
Bhutan,Asia
Brunei,Asia
Cambodia,Asia
China,Asia
East Timor,Asia
Georgia,Asia
Gaza Strip,Asia
Hong Kong,Asia
India,Asia
Indonesia,Asia
Iran,Asia
Iraq,Asia
Israel,Asia
Japan,Asia
Jordan,Asia
Kazakhstan,Asia
Kuwait,Asia
Kyrgyzstan,Asia
Laos,Asia
Lebanon,Asia
Macau,Asia
Malaysia,Asia
Maldives,Asia
Mongolia,Asia
Myanmar,Asia
Nepal,Asia
North Korea,Asia
Oman,Asia
Pakistan,Asia
Palestine,Asia
Paracel Islands,Asia
Philippines,Asia
Qatar,Asia
Saudi Arabia,Asia
Singapore,Asia
South Korea,Asia
Spratly Islands,Asia
Sri Lanka,Asia
Syria,Asia
Taiwan,Asia
Tajikistan,Asia
Thailand,Asia
Turkey,Asia
Turkmenistan,Asia
United Arab Emirates,Asia
Uzbekistan,Asia
Vietnam,Asia
West Bank,Asia
Yemen,Asia
Aland Islands,Europe
Albania,Europe
Andorra,Europe
Austria,Europe
Belarus,Europe
Belgium,Europe
Bosnia and Herzegovina,Europe
Bulgaria,Europe
Croatia,Europe
Cyprus,Europe
Czech Republic,Europe
Denmark,Europe
Estonia,Europe
Faroe Islands,Europe
Finland,Europe
France,Europe
Germany,Europe
Gibraltar,Europe
Greece,Europe
Guernsey,Europe
Hungary,Europe
Iceland,Europe
Ireland,Europe
Isle Of Man,Europe
Italy,Europe
Jan Mayen,Europe
Jersey,Europe
Kosovo,Europe
Latvia,Europe
Liechtenstein,Europe
Lithuania,Europe
Luxembourg,Europe
Malta,Europe
Moldova,Europe
Monaco,Europe
Montenegro,Europe
Netherlands,Europe
North Macedonia,Europe
Norway,Europe
Poland,Europe
Portugal,Europe
Romania,Europe
Russia,Europe
San Marino,Europe
Serbia,Europe
Slovakia,Europe
Slovenia,Europe
Spain,Europe
Svalbard,Europe
Sweden,Europe
Switzerland,Europe
Ukraine,Europe
United Kingdom,Europe
Vatican City,Europe
Anguilla,North America
Antigua and Barbuda,North America
Aruba,North America
"Bahamas, The",North America
Barbados,North America
Belize,North America
Bermuda,North America
Bonaire,North America
British Virgin Islands,North America
Canada,North America
Cayman Islands,North America
Clipperton Island,North America
Costa Rica,North America
Cuba,North America
Curacao,North America
Dominica,North America
Dominican Republic,North America
El Salvador,North America
Greenland,North America
Grenada,North America
Guadeloupe,North America
Guatemala,North America
Haiti,North America
Honduras,North America
Jamaica,North America
Martinique,North America
Mexico,North America
Montserrat,North America
Nicaragua,North America
Panama,North America
Puerto Rico,North America
Saba,North America
Saint Barthelemy,North America
Saint Eustatius,North America
Saint Kitts and Nevis,North America
Saint Lucia,North America
Saint Martin,North America
Saint Pierre and Miquelon,North America
Saint Vincent and the Grenadines,North America
Trinidad and Tobago,North America
Turks and Caicos Islands,North America
United States of America,North America
Virgin Islands,North America
American Samoa,Oceania
Ashmore and Cartier Islands,Oceania
Australia,Oceania
Baker Island,Oceania
Christmas Island,Oceania
Cocos (Keeling) Islands,Oceania
Cook Islands,Oceania
Coral Sea Islands,Oceania
Fiji,Oceania
French Polynesia,Oceania
Guam,Oceania
Howland Island,Oceania
Jarvis Island,Oceania
Kiribati,Oceania
Marshall Islands,Oceania
"Micronesia, Federated States of",Oceania
Midway Islands,Oceania
Nauru,Oceania
New Caledonia,Oceania
New Zealand,Oceania
Niue,Oceania
Norfolk Island,Oceania
Northern Mariana Islands,Oceania
Palau,Oceania
Papua New Guinea,Oceania
Pitcairn Islands,Oceania
Samoa,Oceania
Solomon Islands,Oceania
Tokelau,Oceania
Tonga,Oceania
Tuvalu,Oceania
United States Minor Outlying Islands,Oceania
Vanuatu,Oceania
Wake Island,Oceania
Wallis and Futuna,Oceania
Argentina,South America
Bolivia,South America
Brazil,South America
Chile,South America
Colombia,South America
Ecuador,South America
Falkland Islands (Islas Malvinas),South America
French Guiana,South America
Guyana,South America
Paraguay,South America
Peru,South America
Suriname,South America
Uruguay,South America
Venezuela,South America
